hgnc_name	uniprot_id	manning_name	group	family	subfamily
ABL1	P00519	ABL	TK	Abl	
TNK2	Q07912	ACK	TK	Ack	
ACVR2A	P27037	ACTR2	TKL	STKR	STKR2
ACVR2B	Q13705	ACTR2B	TKL	STKR	STKR2
ADCK4	Q96D53	ADCK4	Atypical	ABC1	ABC1-A
TRIB1	Q96RU8	Trb1	CAMK	Trbl	
BRSK2	Q8IWQ3	BRSK2	CAMK	CAMKL	BRSK
WNK2	Q9Y3S1	Wnk2	Other	WNK	
AKT1	P31749	AKT1	AGC	Akt	
AKT2	P31751	AKT2	AGC	Akt	
AKT3	Q9Y243	AKT3	AGC	Akt	
CAMK1G	Q96NX5	CaMK1g	CAMK	CAMK1	
ALK	Q9UM73	ALK	TK	ALK	
ACVRL1	P37023	ALK1	TKL	STKR	STKR1
ACVR1	Q04771	ALK2	TKL	STKR	STKR1
BMPR1A	P36894	BMPR1A	TKL	STKR	STKR1
ACVR1B	P36896	ALK4	TKL	STKR	STKR1
TGFBR1	P36897	TGFbR1	TKL	STKR	STKR1
BMPR1B	O00238	BMPR1B	TKL	STKR	STKR1
PRKAA1	Q13131	AMPKa1	CAMK	CAMKL	AMPK
PRKAA2	P54646	AMPKa2	CAMK	CAMKL	AMPK
NPR1	P16066	ANPa	RGC	RGC	
NPR2	P20594	ANPb	RGC	RGC	
ARAF	P10398	ARAF	TKL	RAF	
ABL2	P42684	ARG	TK	Abl	
ATM	Q13315	ATM	Atypical	PIKK	ATM
ATR	Q13535	ATR	Atypical	PIKK	ATR
AURKC	Q9UQB9	AurC	Other	Aur	
AXL	P30530	AXL	TK	Axl	
ADRBK1	P25098	BARK1	AGC	GRK	BARK
BCKDK	O14874	BCKDK	Atypical	PDHK	
MAP4K2	Q12851	GCK	STE	STE20	KHS
BLK	P51451	BLK	TK	Src	
BRAF	P15056	BRAF	TKL	RAF	
PTK6	Q13882	BRK	TK	Src	
BTK	Q06187	BTK	TK	Tec	
BUB1B	O60566	BUBR1	Other	BUB	
CDK7	P50613	CDK7	CMGC	CDK	CDK7
CAMK1	Q14012	CaMK1a	CAMK	CAMK1	
CAMK2A	Q9UQM7	CaMK2a	CAMK	CAMK2	
CAMK2B	Q13554	CaMK2b	CAMK	CAMK2	
CAMK2G	Q13555	CaMK2g	CAMK	CAMK2	
CAMK4	Q16566	CaMK4	CAMK	CAMK1	
CAMKV	Q8NCB2	VACAMKL	CAMK	CAMK-Unique	
DCLK1	O15075	DCAMKL1	CAMK	DCAMKL	
CASK	O14936	CASK	CAMK	CASK	
CDK1	P06493	CDC2	CMGC	CDK	CDC2
CDC7	O00311	CDC7	Other	CDC7	
CDK2	P24941	CDK2	CMGC	CDK	CDK2
CDK3	Q00526	CDK3	CMGC	CDK	CDK2
CDK4	P11802	CDK4	CMGC	CDK	CDK4
CDK5	Q00535	CDK5	CMGC	CDK	CDK5
CDK6	Q00534	CDK6	CMGC	CDK	CDK4
CDK8	P49336	CDK8	CMGC	CDK	CDK8
PRKG1	Q13976	PKG1	AGC	PKG	
PRKG2	Q13237	PKG2	AGC	PKG	
CDK13	Q14004	CHED	CMGC	CDK	CRK7
CHEK1	O14757	CHK1	CAMK	CAMKL	CHK1
CHEK2	O96017	CHK2	CAMK	RAD53	
CSNK1A1	P48729	CK1a	CK1	CK1	
CSNK1D	P48730	CK1d	CK1	CK1	
CSNK1E	P49674	CK1e	CK1	CK1	
CSNK1G2	P78368	CK1g2	CK1	CK1	
CSNK1G3	Q9Y6M4	CK1g3	CK1	CK1	
CSNK2A1	P68400	CK2a1	CMGC	CK2	
CSNK2A2	P19784	CK2a2	CMGC	CK2	
CLK1	P49759	CLK1	CMGC	CLK	
CLK2	P49760	CLK2	CMGC	CLK	
CLK3	P49761	CLK3	CMGC	CLK	
MAP3K8	P41279	COT	STE	STE-Unique	
CSF1R	P07333	FMS	TK	PDGFR	
CSK	P41240	CSK	TK	Csk	
MARK3	P27448	MARK3	CAMK	CAMKL	MARK
GUCY2D	Q02846	CYGD	RGC	RGC	
GUCY2F	P51841	CYGF	RGC	RGC	
DAPK1	P53355	DAPK1	CAMK	DAPK	
DAPK2	Q9UIK4	DAPK2	CAMK	DAPK	
MAP3K12	Q12852	DLK	TKL	MLK	LZK
DMPK	Q09013	DMPK1	AGC	DMPK	GEK
CDC42BPG	Q6DT37	DMPK2	AGC	DMPK	GEK
PRKDC	P78527	DNAPK	Atypical	PIKK	DNAPK
DYRK1B	Q9Y463	DYRK1B	CMGC	DYRK	DYRK1
DYRK2	Q92630	DYRK2	CMGC	DYRK	DYRK2
DYRK4	Q9NR20	DYRK4	CMGC	DYRK	DYRK2
EEF2K	O00418	eEF2K	Atypical	Alpha	eEF2K
EGFR	P00533	EGFR	TK	EGFR	
EIF2AK2	P19525	PKR	Other	PEK	
MARK2	Q7KZI7	MARK2	CAMK	CAMKL	MARK
EPHA1	P21709	EphA1	TK	Eph	
EPHA2	P29317	EphA2	TK	Eph	
EPHA3	P29320	EphA3	TK	Eph	
EPHA4	P54764	EphA4	TK	Eph	
EPHA5	P54756	EphA5	TK	Eph	
EPHA8	P29322	EphA8	TK	Eph	
EPHB1	P54762	EphB1	TK	Eph	
EPHB2	P29323	EphB2	TK	Eph	
EPHB3	P54753	EphB3	TK	Eph	
EPHB4	P54760	EphB4	TK	Eph	
EPHB6	O15197	EphB6	TK	Eph	
MAPK3	P27361	Erk1	CMGC	MAPK	ERK1
MAPK1	P28482	Erk2	CMGC	MAPK	ERK1
MAPK6	Q16659	Erk3	CMGC	MAPK	ERK3
MAPK4	P31152	Erk4	CMGC	MAPK	ERK3
PTK2	Q05397	FAK	TK	FAK	
FER	P16591	FER	TK	Fer	
FES	P07332	FES	TK	Fer	
FGFR1	P11362	FGFR1	TK	FGFR	
FGFR2	P21802	FGFR2	TK	FGFR	
FGFR3	P22607	FGFR3	TK	FGFR	
FGFR4	P22455	FGFR4	TK	FGFR	
FGR	P09769	FGR	TK	Src	
FLT3	P36888	FLT3	TK	PDGFR	
FLT1	P17948	FLT1	TK	VEGFR	
FLT4	P35916	FLT4	TK	VEGFR	
MTOR	P42345	FRAP	Atypical	PIKK	FRAP
FYN	P06241	FYN	TK	Src	
GAK	O14976	GAK	Other	NAK	
GRK4	P32298	GPRK4	AGC	GRK	GRK
GRK5	P34947	GPRK5	AGC	GRK	GRK
GRK6	P43250	GPRK6	AGC	GRK	GRK
TRIB2	Q92519	Trb2	CAMK	Trbl	
GSK3A	P49840	GSK3A	CMGC	GSK	
GSK3B	P49841	GSK3B	CMGC	GSK	
HCK	P08631	HCK	TK	Src	
ERBB2	P04626	HER2/ErbB2	TK	EGFR	
ERBB3	P21860	HER3/ErbB3	TK	EGFR	
ERBB4	Q15303	HER4/ErbB4	TK	EGFR	
HIPK1	Q86Z02	HIPK1	CMGC	DYRK	HIPK
MAP4K1	Q92918	HPK1	STE	STE20	KHS
GUCY2C	P25092	HSER	RGC	RGC	
IGF1R	P08069	IGF1R	TK	InsR	
CHUK	O15111	IKKa	Other	IKK	
IKBKB	O14920	IKKb	Other	IKK	
ILK	Q13418	ILK	TKL	MLK	ILK
INSR	P06213	INSR	TK	InsR	
IRAK1	P51617	IRAK1	TKL	IRAK	
IRAK2	O43187	IRAK2	TKL	IRAK	
IRAK3	Q9Y616	IRAK3	TKL	IRAK	
ERN1	O75460	IRE1	Other	IRE	
INSRR	P14616	IRR	TK	InsR	
ITK	Q08881	ITK	TK	Tec	
JAK1	P23458	JAK1	TK	Jak	
JAK2	O60674	JAK2	TK	Jak	
JAK3	P52333	JAK3	TK	Jak	
MAPK8	P45983	JNK1	CMGC	MAPK	JNK
MAPK9	P45984	JNK2	CMGC	MAPK	JNK
MAPK10	P53779	JNK3	CMGC	MAPK	JNK
MAP4K5	Q9Y4K4	KHS1	STE	STE20	KHS
IKBKE	Q14164	IKKe	Other	IKK	
NUAK1	O60285	NuaK1	CAMK	CAMKL	NuaK
MAST3	O60307	MAST3	AGC	MAST	
STK36	Q9NRP7	Fused	Other	ULK	
PIM3	Q86V86	PIM3	CAMK	PIM	
KIT	P10721	KIT	TK	PDGFR	
CDKL2	Q92772	CDKL2	CMGC	CDKL	
CDKL1	Q00532	CDKL1	CMGC	CDKL	
KSR1	Q8IVT5	KSR1	TKL	RAF	KSR
LCK	P06239	LCK	TK	Src	
LIMK2	P53671	LIMK2	TKL	LISK	LIMK
STK11	Q15831	LKB1	CAMK	CAMKL	LKB
LTK	P29376	LTK	TK	ALK	
LYN	P07948	LYN	TK	Src	
MAK	P20794	MAK	CMGC	RCK	
MAPKAPK2	P49137	MAPKAPK2	CAMK	MAPKAPK	MK2
MAPKAPK3	Q16644	MAPKAPK3	CAMK	MAPKAPK	MK2
MAPKAPK5	Q8IW41	MAPKAPK5	CAMK	MAPKAPK	MK5
MARK1	Q9P0L2	MARK1	CAMK	CAMKL	MARK
MAST2	Q6P0Q8	MAST2	AGC	MAST	
MAP2K1	Q02750	MAP2K1	STE	STE7	
MAP2K2	P36507	MAP2K2	STE	STE7	
MAP2K5	Q13163	MAP2K5	STE	STE7	
MAP2K6	P52564	MAP2K6	STE	STE7	
MAP3K1	Q13233	MAP3K1	STE	STE11	
MAP3K2	Q9Y2U5	MAP3K2	STE	STE11	
MAP3K3	Q99759	MAP3K3	STE	STE11	
MAP3K4	Q9Y6R4	MAP3K4	STE	STE11	
MAP3K5	Q99683	MAP3K5	STE	STE11	
MERTK	Q12866	MER	TK	Axl	
MET	P08581	MET	TK	Met	
AMHR2	Q16671	MISR2	TKL	STKR	STKR2
MAP2K7	O14733	MAP2K7	STE	STE7	
MYLK	Q15746	smMLCK	CAMK	MLCK	
MAP3K9	P80192	MLK1	TKL	MLK	MLK
MAP3K10	Q02779	MLK2	TKL	MLK	MLK
DYRK1A	Q13627	DYRK1A	CMGC	DYRK	DYRK1
MKNK1	Q9BUB5	MNK1	CAMK	MAPKAPK	MNK
MKNK2	Q9HBH9	MNK2	CAMK	MAPKAPK	MNK
MOS	P00540	MOS	Other	MOS	
MAP2K3	P46734	MAP2K3	STE	STE7	
MAP2K4	P45985	MAP2K4	STE	STE7	
CDC42BPB	Q9Y5S2	MRCKb	AGC	DMPK	GEK
RPS6KA5	O75582	MSK1	AGC	RSK	MSK
RPS6KA4	O75676	MSK2	AGC	RSK	MSK
STK4	Q13043	MST1	STE	STE20	MST
STK3	Q13188	MST2	STE	STE20	MST
STK24	Q9Y6E0	MST3	STE	STE20	YSK
MUSK	O15146	MUSK	TK	Musk	
PKMYT1	Q99640	MYT1	Other	WEE	
STK38	Q15208	NDR1	AGC	NDR	
NEK1	Q96PY6	NEK1	Other	NEK	
NEK2	P51955	NEK2	Other	NEK	
NEK3	P51956	NEK3	Other	NEK	
MAP3K14	Q99558	NIK	STE	STE-Unique	
NLK	Q9UBE8	NLK	CMGC	MAPK	nmo
NEK4	P51957	NEK4	Other	NEK	
IRAK4	Q9NWZ3	IRAK4	TKL	IRAK	
PIK3R4	Q99570	PIK3R4	Other	VPS15	
ROCK2	O75116	ROCK2	AGC	DMPK	ROCK
MAPK14	Q16539	p38a	CMGC	MAPK	p38
RPS6KB1	P23443	p70S6K	AGC	RSK	RSKp70
RPS6KB2	Q9UBS0	p70S6Kb	AGC	RSK	RSKp70
PAK1	Q13153	PAK1	STE	STE20	PAKA
PAK2	Q13177	PAK2	STE	STE20	PAKA
PAK3	O75914	PAK3	STE	STE20	PAKA
PRKCH	P24723	PKCh	AGC	PKC	PKCh
CDK16	Q00536	PCTAIRE1	CMGC	CDK	PCTAIRE
CDK17	Q00537	PCTAIRE2	CMGC	CDK	PCTAIRE
CDK18	Q07002	PCTAIRE3	CMGC	CDK	PCTAIRE
PDGFRA	P16234	PDGFRa	TK	PDGFR	
PDGFRB	P09619	PDGFRb	TK	PDGFR	
PDPK1	O15530	PDK1	AGC	PDK1	
PDK1	Q15118	PDHK1	Atypical	PDHK	
PDK2	Q15119	PDHK2	Atypical	PDHK	
PDK3	Q15120	PDHK3	Atypical	PDHK	
PDK4	Q16654	PDHK4	Atypical	PDHK	
EIF2AK3	Q9NZJ5	PEK	Other	PEK	PEK
CDK14	O94921	PFTAIRE1	CMGC	CDK	PFTAIRE
PHKG1	Q16816	PHKg1	CAMK	PHK	
PHKG2	P15735	PHKg2	CAMK	PHK	
PIM1	P11309	PIM1	CAMK	PIM	
PIM2	Q9P1W9	PIM2	CAMK	PIM	
CDK10	Q15131	CDK10	CMGC	CDK	CDK10
CDK9	P50750	CDK9	CMGC	CDK	CDK9
CDK11B	P21127	PITSLRE	CMGC	CDK	CDK11
MELK	Q14680	MELK	CAMK	CAMKL	MELK
CDC42BPA	Q5VT25	MRCKa	AGC	DMPK	GEK
PRKACA	P17612	PKACa	AGC	PKA	
PRKACB	P22694	PKACb	AGC	PKA	
PRKACG	P22612	PKACg	AGC	PKA	
PRKCA	P17252	PKCa	AGC	PKC	PKCa
PRKCB	P05771	PKCb	AGC	PKC	PKCa
PRKCD	Q05655	PKCd	AGC	PKC	PKCd
PRKCE	Q02156	PKCe	AGC	PKC	PKCh
PRKCG	P05129	PKCg	AGC	PKC	PKCa
PRKCI	P41743	PKCi	AGC	PKC	PKCi
PRKD1	Q15139	PKD1	CAMK	PKD	
PRKCQ	Q04759	PKCt	AGC	PKC	PKCd
PRKCZ	Q05513	PKCz	AGC	PKC	PKCi
PRKX	P51817	PRKX	AGC	PKA	
HIPK3	Q9H422	HIPK3	CMGC	DYRK	HIPK
PLK1	P53350	PLK1	Other	PLK	
PLK3	Q9H4B4	PLK3	Other	PLK	
PKN1	Q16512	PKN1	AGC	PKN	
PKN2	Q16513	PKN2	AGC	PKN	
PRKY	O43930	PRKY	AGC	PKA	
PRPF4B	Q13523	PRP4	CMGC	DYRK	PRP4
PSKH1	P11801	PSKH1	CAMK	PSK	
RAF1	P04049	RAF1	TKL	RAF	
RET	P07949	RET	TK	Ret	
GRK1	Q15835	RHOK	AGC	GRK	GRK
RIPK1	Q13546	RIPK1	TKL	RIPK	
RIPK2	O43353	RIPK2	TKL	RIPK	
RIPK3	Q9Y572	RIPK3	TKL	RIPK	
ROCK1	Q13464	ROCK1	AGC	DMPK	ROCK
MST1R	Q04912	RON	TK	Met	
ROR1	Q01973	ROR1	TK	Ror	
ROR2	Q01974	ROR2	TK	Ror	
ROS1	P08922	ROS	TK	Sev	
RPS6KA2	Q15349	RSK1	AGC	RSK	RSKp90
RPS6KA3	P51812	RSK2	AGC	RSK	RSKp90
RPS6KA1	Q15418	RSK3	AGC	RSK	RSKp90
RYK	P34925	RYK	TK	Ryk	
PLK4	O00444	PLK4	Other	PLK	
MAPK11	Q15759	p38b	CMGC	MAPK	p38
MAPK12	P53778	p38g	CMGC	MAPK	p38
MAPK13	O15264	p38d	CMGC	MAPK	p38
MAST1	Q9Y2H9	MAST1	AGC	MAST	
SGK1	O00141	SGK	AGC	SGK	
SLK	Q9H2G2	SLK	STE	STE20	SLK
PLK2	Q9NYY3	PLK2	Other	PLK	
MAP3K11	Q16584	MLK3	TKL	MLK	MLK
SRC	P12931	SRC	TK	Src	
SRPK1	Q96SB4	SRPK1	CMGC	SRPK	
SRPK2	P78362	SRPK2	CMGC	SRPK	
CDKL5	O76039	CDKL5	CMGC	CDKL	
TAOK2	Q9UL54	TAO2	STE	STE20	TAO
SYK	P43405	SYK	TK	Syk	
MAP3K7	O43318	TAK1	TKL	MLK	TAK1
BMPR2	Q13873	BMPR2	TKL	STKR	STKR2
TEC	P42680	TEC	TK	Tec	
TEK	Q02763	TIE2	TK	Tie	
TESK1	Q15569	TESK1	TKL	LISK	TESK
TGFBR2	P37173	TGFbR2	TKL	STKR	STKR2
TIE1	P35590	TIE1	TK	Tie	
TTN	Q8WZ42	TTN	CAMK	MLCK	
TLK1	Q9UKI8	TLK1	Other	TLK	
TLK2	Q86UE8	TLK2	Other	TLK	
TNK1	Q13470	TNK1	TK	Ack	
TRIO	O75962	Trio	CAMK	Trio	
NTRK1	P04629	TRKA	TK	Trk	
NTRK2	Q16620	TRKB	TK	Trk	
NTRK3	Q16288	TRKC	TK	Trk	
TRRAP	Q9Y4A5	TRRAP	Atypical	PIKK	TRRAP
TTK	P33981	TTK	Other	TTK	
TXK	P42681	TXK	TK	Tec	
TYK2	P29597	TYK2	TK	Jak	
TYRO3	Q06418	TYRO3	TK	Axl	
ULK1	O75385	ULK1	Other	ULK	
ULK2	Q8IYT8	ULK2	Other	ULK	
VRK1	Q99986	VRK1	CK1	VRK	
VRK2	Q86Y07	VRK2	CK1	VRK	
WEE1	P30291	Wee1	Other	WEE	
YES1	P07947	YES	TK	Src	
STK25	O00506	YSK1	STE	STE20	YSK
ZAP70	P43403	ZAP70	TK	Syk	
MAP3K13	O43283	LZK	TKL	MLK	LZK
DDR1	Q08345	DDR1	TK	DDR	
ADCK1	Q86TW2	ADCK1	Atypical	ABC1	ABC1-B
KDR	P35968	KDR	TK	VEGFR	
ACVR1C	Q8NER5	ALK7	TKL	STKR	STKR1
AURKB	Q96GD4	AurB	Other	Aur	
AURKA	O14965	AurA	Other	Aur	
MAPK7	Q13164	Erk5	CMGC	MAPK	ERK5
BUB1	O43683	BUB1	Other	BUB	
DDR2	Q16832	DDR2	TK	DDR	
PTK7	Q13308	CCK4	TK	CCK4	
LIMK1	P53667	LIMK1	TKL	LISK	LIMK
AATK	Q6ZMQ8	LMR1	TK	Lmr	
LMTK2	Q8IWU2	LMR2	TK	Lmr	
LMTK3	Q96Q04	LMR3	TK	Lmr	
EPHA7	Q15375	EphA7	TK	Eph	
BMX	P51813	BMX	TK	Tec	
MATK	P42679	CTK	TK	Csk	
FRK	P42685	FRK	TK	Src	
NEK6	Q9HC98	NEK6	Other	NEK	
NEK7	Q8TDX7	NEK7	Other	NEK	
AAK1	Q2M2I8	AAK1	Other	NAK	
TRPM7	Q96QT4	ChaK1	Atypical	Alpha	ChaK
PTK2B	Q14289	PYK2	TK	FAK	
SRMS	Q9H3Y6	SRM	TK	Src	
STK10	O94804	LOK	STE	STE20	SLK
MAP4K3	Q8IVH8	KHS2	STE	STE20	KHS
OXSR1	O95747	OSR1	STE	STE20	FRAY
PAK6	Q9NQU5	PAK6	STE	STE20	PAKB
PAK4	O96013	PAK4	STE	STE20	PAKB
STK26	Q9P289	MST4	STE	STE20	YSK
STK39	Q9UEW8	STLK3	STE	STE20	FRAY
STRADA	Q7RTN6	STLK5	STE	STE20	STLK
STRADB	Q9C0K7	STLK6	STE	STE20	STLK
TAOK3	Q9H2K8	TAO3	STE	STE20	TAO
TAOK1	Q7L7X3	TAO1	STE	STE20	TAO
MAP4K4	O95819	ZC1/HGK	STE	STE20	MSN
TNIK	Q9UKE5	ZC2/TNIK	STE	STE20	MSN
MINK1	Q8N4C8	ZC3/MINK	STE	STE20	MSN
NRK	Q7Z2Y5	ZC4/NRK	STE	STE20	MSN
LATS1	O95835	LATS1	AGC	NDR	
LATS2	Q9NRM7	LATS2	AGC	NDR	
CDK19	Q9BWU1	CDK11	CMGC	CDK	CDK8
NIM1K	Q8IY84	NIM1	CAMK	CAMKL	NIM1
ULK3	Q6PHR2	ULK3	Other	ULK	
PDIK1L	Q8N165	CLIK1L	Other	NKF4	
TTBK2	Q6IQ55	TTBK2	CK1	TTBK	
SCYL1	Q96KG9	SCYL1	Other	SCY1	
MASTL	Q96GX5	MASTL	AGC	MAST	
PINK1	Q9BXM7	PINK1	Other	NKF2	
ULK4	Q96C45	ULK4	Other	ULK	
MLKL	Q8NB16	MLKL	TKL	TKL-Unique	
DCLK3	Q9C098	DCAMKL3	CAMK	DCAMKL	
PKDCC	Q504Y2	SgK493	Other	SgK493	
CDK15	Q96Q40	PFTAIRE2	CMGC	CDK	PFTAIRE
STK33	Q9BYT3	STK33	CAMK	STK33	
TP53RK	Q96S44	PRPK	Other	Bud32	
MAPK15	Q8TD08	Erk7	CMGC	MAPK	ERK7
CDKL4	Q5MAI5	CDKL4	CMGC	CDKL	
SCYL3	Q8IZE3	SCYL3	Other	SCY1	
STK32C	Q86UX6	YANK3	AGC	YANK	
NEK9	Q8TD19	NEK9	Other	NEK	
TSSK3	Q96PN8	TSSK3	CAMK	TSSK	
NUAK2	Q9H093	NuaK2	CAMK	CAMKL	NuaK
RPS6KL1	Q9Y6S9	RSKL2	AGC	RSKL	
TSSK2	Q96PF2	TSSK2	CAMK	TSSK	
SCYL2	Q6P3W7	SCYL2	Other	SCY1	
NEK8	Q86SG6	NEK8	Other	NEK	
ADRBK2	P35626	BARK2	AGC	GRK	BARK
NRBP1	Q9UHY1	NRBP1	Other	NRBP	
PRKD2	Q9BZL6	PKD2	CAMK	PKD	
STK32B	Q9NY57	YANK2	AGC	YANK	
CAMKK2	Q96RR4	CaMKK2	Other	CAMKK	CAMKK-Meta
CDK20	Q8IZL9	CCRK	CMGC	CDK	
CLK4	Q9HAZ1	CLK4	CMGC	CLK	
CDK12	Q9NYV4	CRK7	CMGC	CDK	CRK7
STK17A	Q9UEE5	DRAK1	CAMK	DAPK	
STK17B	O94768	DRAK2	CAMK	DAPK	
DYRK3	O43781	DYRK3	CMGC	DYRK	DYRK2
PRKD3	O94806	PKD3	CAMK	PKD	
EIF2AK4	Q9P2K8	GCN2	Other	PEK	GCN2
	Q96LW2	SgK494	AGC	RSKR	
STK40	Q8N2I9	SgK495	CAMK	SgK495	
STK35	Q8TDR2	CLIK1	Other	NKF4	
TNNI3K	Q59H18	HH498	TKL	MLK	HH498
HIPK2	Q9H2X6	HIPK2	CMGC	DYRK	HIPK
EIF2AK1	Q9BQI3	HRI	Other	PEK	
ICK	Q9UPZ9	ICK	CMGC	RCK	
ERN2	Q76MJ5	IRE2	Other	IRE	
PASK	Q96RG2	PASK	CAMK	CAMKL	PASK
STK38L	Q9Y2H1	NDR2	AGC	NDR	
SIK3	Q9Y2K2	QSK	CAMK	CAMKL	QIK
HUNK	P57058	HUNK	CAMK	CAMKL	HUNK
MAP3K6	O95382	MAP3K6	STE	STE11	
	Q9NYL2	ZAK	TKL	MLK	ZAK
MOK	Q9UQ07	MOK	CMGC	RCK	
STK16	O75716	MPSK1	Other	NAK	
SRPK3	Q9UPE1	MSSK1	CMGC	SRPK	
WNK1	Q9H4A3	Wnk1	Other	WNK	
CDKL3	Q8IVW4	CDKL3	CMGC	CDKL	
PAK7	Q9P286	PAK5	STE	STE20	PAKB
PKN3	Q6P5Z2	PKN3	AGC	PKN	
SIK2	Q9H0K1	QIK	CAMK	CAMKL	QIK
MARK4	Q96L34	MARK4	CAMK	CAMKL	MARK
DSTYK	Q6XUX3	SgK496	Other	Dusty	
RPS6KC1	Q96S38	RSKL1	AGC	RSKL	
RPS6KA6	Q9UK32	RSK4	AGC	RSK	RSKp90
NRBP2	Q9NSY0	NRBP2	Other	NRBP	
STKLD1	Q8NE28	SgK071	Other	SgK071	
SGK2	Q9HBY8	SGK2	AGC	SGK	
TSSK6	Q9BXA6	SSTK	CAMK	TSSK	
SGK3	Q96BR1	SGK3	AGC	SGK	
TTBK1	Q5TCY1	TTBK1	CK1	TTBK	
DCLK2	Q8N568	DCAMKL2	CAMK	DCAMKL	
PXK	Q7Z7A4	Slob	Other	Slob	
PBK	Q96KB5	PBK	Other	TOPK	
STYK1	Q6J9G0	SuRTK106	TK	TK-Unique	
TBK1	Q9UHD2	TBK1	Other	IKK	
TESK2	Q96S53	TESK2	TKL	LISK	TESK
KALRN	O60229	Trad	CAMK	Trio	
TSSK4	Q6SA08	TSSK4	CAMK	TSSK	
VRK3	Q8IV63	VRK3	CK1	VRK	
MYLK3	Q32MK0	caMLCK	CAMK	MLCK	
SPEG	Q15772	SPEG	CAMK	Trio	
CSNK1A1L	Q8N752	CK1a2	CK1	CK1	
RIPK4	P57078	ANKRD3	TKL	RIPK	
NEK5	Q6P3R8	NEK5	Other	NEK	
CAMK1D	Q8IU85	CaMK1d	CAMK	CAMK1	
MAP3K19	Q56UN5	MAP3K8	STE	STE11	
NEK11	Q8NG66	NEK11	Other	NEK	
GRK7	Q8WTQ7	GPRK7	AGC	GRK	GRK
SBK2	P0C263	SgK069	Other	NKF1	
HIPK4	Q8NE63	HIPK4	CMGC	DYRK	HIPK
MYO3B	Q8WXR4	MYO3B	STE	STE20	NinaC
WNK4	Q96J92	Wnk4	Other	WNK	
SBK3	P0C264	SgK110	Other	NKF1	
BRSK1	Q8TDC3	BRSK1	CAMK	CAMKL	BRSK
OBSCN	Q5VST9	Obscn	CAMK	Trio	
PSKH2	Q96QS6	PSKH2	CAMK	PSK	
SIK1	P57059	SIK	CAMK	CAMKL	QIK
KSR2	Q6VAB6	KSR2	TKL	RAF	
RIOK3	O14730	RIOK3	Atypical	RIO	RIO3
ADCK3	Q8NI60	ADCK3	Atypical	ABC1	ABC1-A
RIOK1	Q9BRS2	RIOK1	Atypical	RIO	RIO1
STK32A	Q8WU08	YANK1	AGC	YANK	
SNRK	Q9NRH2	SNRK	CAMK	CAMKL	SNRK
EPHA10	Q5JZY3	EphA10	TK	Eph	
POMK	Q9H5K3	SgK196	Other	Other-Unique	
MYO3A	Q8NEV4	MYO3A	STE	STE20	NinaC
WNK3	Q9BYP7	Wnk3	Other	WNK	
	Q86YV5	SgK223	Other	NKF3	
NEK10	Q6ZWH5	NEK10	Other	NEK	
EPHA6	Q9UF33	EphA6	TK	Eph	
CSNK1G1	Q9HCP0	CK1g1	CK1	CK1	
PEAK1	Q9H792	SgK269	Other	NKF3	
SBK1	Q52WX2	SBK	Other	NKF1	
STK31	Q9BXU1	SgK396	Other	Other-Unique	
ANKK1	Q8NFD2	SgK288	TKL	RIPK	
UHMK1	Q8TAS1	KIS	Other	KIS	
PNCK	Q6P2M8	CaMK1b	CAMK	CAMK1	
TBCK	Q8TEA7	TBCK	Other	TBCK	
SMG1	Q96Q15	SMG1	Atypical	PIKK	SMG1
MYLK2	Q9H1R3	skMLCK	CAMK	MLCK	
MAP3K15	Q6ZN16	MAP3K7	STE	STE11	
LRRK2	Q5S007	LRRK2	TKL	LRRK	
	Q5TCX8	MLK4	TKL	MLK	MLK
GSG2	Q8TF76	Haspin	Other	Haspin	
TRIB3	Q96RU7	Trb3	CAMK	Trbl	
CIT	O14578	CRIK	AGC	DMPK	
CAMKK1	Q8N5S9	CaMKK1	Other	CAMKK	CAMKK-Meta
LRRK1	Q38SD2	LRRK1	TKL	LRRK	
TEX14	Q8IWB6	SgK307	Other	NKF5	
MAST4	O15021	MAST4	AGC	MAST	
CAMK2D	Q13557	CaMK2d	CAMK	CAMK2	
BMP2K	Q9NSY1	BIKE	Other	NAK	
TSSK1B	Q9BXA7	TSSK1	CAMK	TSSK	
TEX14	Q8IWB6	SgK424	Other	NKF5	
MYLK4	Q86YV6	SgK085	CAMK	MLCK	
ADCK2	Q7Z695	ADCK2	Atypical	ABC1	ABC1-C
DAPK3	O43293	DAPK3	CAMK	DAPK	
WEE2	P0C1S8	Wee1B	Other	WEE	
RNASEL	Q05823	RNAseL	Other	Other-Unique	
TRPM6	Q9BX84	ChaK2	Atypical	Alpha	ChaK
RIOK2	Q9BVS4	RIOK2	Atypical	RIO	RIO2
ALPK2	Q86TB3	AlphaK2	Atypical	Alpha	
ALPK1	Q96QP1	AlphaK3	Atypical	Alpha	
BRD2	P25440	BRD2	Atypical	BRD	
BRD3	Q15059	BRD3	Atypical	BRD	
BRD4	O60885	BRD4	Atypical	BRD	
BRDT	Q58F21	BRDT	Atypical	BRD	
ALPK3	Q96L96	AlphaK1	Atypical	Alpha	
ADCK5	Q3MIX3	ADCK5	Atypical	ABC1	ABC1-D
TRIM24	O15164	TIF1a	Atypical	TIF1	
TRIM28	Q13263	TIF1b	Atypical	TIF1	
TRIM33	Q9UPN9	TIF1g	Atypical	TIF1	
JAK1	P23458	Domain2_JAK1	TK	JakB	
JAK2	O60674	Domain2_JAK2	TK	JakB	
JAK3	P52333	Domain2_JAK3	TK	JakB	
RPS6KA5	O75582	Domain2_MSK1	CAMK	RSKb	MSKb
RPS6KA4	O75676	Domain2_MSK2	CAMK	RSKb	MSKb
RPS6KA2	Q15349	Domain2_RSK1	CAMK	RSKb	RSKb
RPS6KA3	P51812	Domain2_RSK2	CAMK	RSKb	RSKb
RPS6KA1	Q15418	Domain2_RSK3	CAMK	RSKb	RSKb
TYK2	P29597	Domain2_TYK2	TK	JakB	
EIF2AK4	Q9P2K8	Domain2_GCN2	STE	STE-Unique	
RPS6KA6	Q9UK32	Domain2_RSK4	CAMK	RSKb	RSKb
SPEG	Q15772	Domain2_SPEG	CAMK	Trio	
OBSCN	Q5VST9	Domain2_Obscn	CAMK	Trio	
PAN3	Q58A45	PAN3	Other	PAN3	
FASTK	Q14296	FASTK	Atypical	FAST	
STK19	P49842	G11	Atypical	G11	
TAF1	P21675	TAF1	Atypical	TAF1	
TAF1L	Q8IZX4	TAF1L	Atypical	TAF1	
BCR	P11274	BCR	Atypical	BCR	
ABR	Q12979	ABR	Atypical	BCR	
TRIM66	B5MCJ9	TIF1D	Atypical	TIF1	
	Q6IBK5	GTF2F1	Atypical	GTF2F1	
COL4A3BP	Q9Y5P4	Col4A3BP	Atypical	Col4A3BP	
BLVRA	P53004	BLVRA	Atypical	BLVRA	
BAZ1A	Q9NRL2	BAZ1A	Atypical	BAZ	
BAZ1B	Q9UIG0	BAZ1B	Atypical	BAZ	
