Entry	Gene Names (primary)	Protein names	EC number	Protein families
A4D256	CDC14C	Dual specificity protein phosphatase CDC14C (EC 3.1.3.16) (EC 3.1.3.48) (CDC14 cell division cycle 14 homolog C)	3.1.3.16; 3.1.3.48	Protein-tyrosine phosphatase family, Non-receptor class CDC14 subfamily
A6NDG6	PGP	Phosphoglycolate phosphatase (EC 3.1.3.18) (Aspartate-based ubiquitous Mg(2+)-dependent phosphatase) (AUM) (EC 3.1.3.48) (Glycerol-3-phosphate phosphatase) (G3PP) (EC 3.1.3.21)	3.1.3.18; 3.1.3.21; 3.1.3.48	HAD-like hydrolase superfamily, CbbY/CbbZ/Gph/YieH family
O00167	EYA2	Protein phosphatase EYA2 (EC 3.1.3.48) (Eyes absent homolog 2)	3.1.3.48	HAD-like hydrolase superfamily, EYA family
O00743	PPP6C	Serine/threonine-protein phosphatase 6 catalytic subunit (PP6C) (EC 3.1.3.16) [Cleaved into: Serine/threonine-protein phosphatase 6 catalytic subunit, N-terminally processed]	3.1.3.16	PPP phosphatase family, PP-6 (PP-V) subfamily
O14522	PTPRT	Receptor-type tyrosine-protein phosphatase T (R-PTP-T) (EC 3.1.3.48) (Receptor-type tyrosine-protein phosphatase rho) (RPTP-rho)	3.1.3.48	Protein-tyrosine phosphatase family, Receptor class 2B subfamily
O14595	CTDSP2	Carboxy-terminal domain RNA polymerase II polypeptide A small phosphatase 2 (EC 3.1.3.16) (Nuclear LIM interactor-interacting factor 2) (NLI-interacting factor 2) (Protein OS-4) (Small C-terminal domain phosphatase 2) (Small CTD phosphatase 2) (SCP2)	3.1.3.16	
O14829	PPEF1	Serine/threonine-protein phosphatase with EF-hands 1 (PPEF-1) (EC 3.1.3.16) (Protein phosphatase with EF calcium-binding domain) (PPEF) (Serine/threonine-protein phosphatase 7) (PP7)	3.1.3.16	PPP phosphatase family
O14830	PPEF2	Serine/threonine-protein phosphatase with EF-hands 2 (PPEF-2) (EC 3.1.3.16)	3.1.3.16	PPP phosphatase family
O15194	CTDSPL	CTD small phosphatase-like protein (CTDSP-like) (EC 3.1.3.16) (Carboxy-terminal domain RNA polymerase II polypeptide A small phosphatase 3) (NIF-like protein) (Nuclear LIM interactor-interacting factor 1) (NLI-interacting factor 1) (Protein YA22) (hYA22) (RBSP3) (Small C-terminal domain phosphatase 3) (SCP3) (Small CTD phosphatase 3)	3.1.3.16	
O15297	PPM1D	Protein phosphatase 1D (EC 3.1.3.16) (Protein phosphatase 2C isoform delta) (PP2C-delta) (Protein phosphatase magnesium-dependent 1 delta) (p53-induced protein phosphatase 1)	3.1.3.16	PP2C family
O15355	PPM1G	Protein phosphatase 1G (EC 3.1.3.16) (Protein phosphatase 1C) (Protein phosphatase 2C isoform gamma) (PP2C-gamma) (Protein phosphatase magnesium-dependent 1 gamma)	3.1.3.16	PP2C family
O60346	PHLPP1	PH domain leucine-rich repeat-containing protein phosphatase 1 (EC 3.1.3.16) (Pleckstrin homology domain-containing family E member 1) (PH domain-containing family E member 1) (Suprachiasmatic nucleus circadian oscillatory protein) (hSCOP)	3.1.3.16	
O60729	CDC14B	Dual specificity protein phosphatase CDC14B (EC 3.1.3.16) (EC 3.1.3.48) (CDC14 cell division cycle 14 homolog B)	3.1.3.16; 3.1.3.48	Protein-tyrosine phosphatase family, Non-receptor class CDC14 subfamily
O60942	RNGTT	mRNA-capping enzyme (HCAP1) (HCE) [Includes: mRNA 5'-triphosphate monophosphatase (EC 3.6.1.74) (mRNA 5'-phosphatase); mRNA guanylyltransferase (EC 2.7.7.50) (GTP--RNA guanylyltransferase) (GTase)]	2.7.7.50; 3.6.1.74	Non-receptor class of the protein-tyrosine phosphatase family; Eukaryotic GTase family
O75061	DNAJC6	Auxilin (EC 3.1.3.-) (DnaJ homolog subfamily C member 6)	3.1.3.-	
O75319	DUSP11	RNA/RNP complex-1-interacting phosphatase (EC 3.1.3.-) (Dual specificity protein phosphatase 11) (Phosphatase that interacts with RNA/RNP complex 1)	3.1.3.-	Protein-tyrosine phosphatase family, Non-receptor class dual specificity subfamily
O75365	PTP4A3	Protein tyrosine phosphatase type IVA 3 (EC 3.1.3.48) (PRL-R) (Protein-tyrosine phosphatase 4a3) (Protein-tyrosine phosphatase of regenerating liver 3) (PRL-3)	3.1.3.48	Protein-tyrosine phosphatase family
O75688	PPM1B	Protein phosphatase 1B (EC 3.1.3.16) (Protein phosphatase 2C isoform beta) (PP2C-beta)	3.1.3.16	PP2C family
O95147	DUSP14	Dual specificity protein phosphatase 14 (EC 3.1.3.16) (EC 3.1.3.48) (MKP-1-like protein tyrosine phosphatase) (MKP-L) (Mitogen-activated protein kinase phosphatase 6) (MAP kinase phosphatase 6) (MKP-6)	3.1.3.16; 3.1.3.48	Protein-tyrosine phosphatase family, Non-receptor class dual specificity subfamily
O95278	EPM2A	Laforin (EC 3.1.3.-) (EC 3.1.3.16) (EC 3.1.3.48) (Glucan phosphatase) (Glycogen phosphatase) (Lafora PTPase) (LAFPTPase)	3.1.3.-; 3.1.3.16; 3.1.3.48	Protein-tyrosine phosphatase family
O95476	CTDNEP1	CTD nuclear envelope phosphatase 1 (EC 3.1.3.16) (Serine/threonine-protein phosphatase dullard)	3.1.3.16	Dullard family
O95677	EYA4	Protein phosphatase EYA4 (EC 3.1.3.48) (Eyes absent homolog 4)	3.1.3.48	HAD-like hydrolase superfamily, EYA family
P08575	PTPRC	Receptor-type tyrosine-protein phosphatase C (EC 3.1.3.48) (Leukocyte common antigen) (L-CA) (T200) (CD antigen CD45)	3.1.3.48	Protein-tyrosine phosphatase family, Receptor class 1/6 subfamily
P10586	PTPRF	Receptor-type tyrosine-protein phosphatase F (EC 3.1.3.48) (Leukocyte common antigen related) (LAR)	3.1.3.48	Protein-tyrosine phosphatase family, Receptor class 2A subfamily
P16298	PPP3CB	Serine/threonine-protein phosphatase 2B catalytic subunit beta isoform (EC 3.1.3.16) (CAM-PRP catalytic subunit) (Calmodulin-dependent calcineurin A subunit beta isoform) (CNA beta)	3.1.3.16	PPP phosphatase family, PP-2B subfamily
P17706	PTPN2	Tyrosine-protein phosphatase non-receptor type 2 (EC 3.1.3.48) (T-cell protein-tyrosine phosphatase) (TCPTP)	3.1.3.48	Protein-tyrosine phosphatase family, Non-receptor class 1 subfamily
P18031	PTPN1	Tyrosine-protein phosphatase non-receptor type 1 (EC 3.1.3.48) (Protein-tyrosine phosphatase 1B) (PTP-1B)	3.1.3.48	Protein-tyrosine phosphatase family, Non-receptor class 1 subfamily
P18433	PTPRA	Receptor-type tyrosine-protein phosphatase alpha (Protein-tyrosine phosphatase alpha) (R-PTP-alpha) (EC 3.1.3.48)	3.1.3.48	Protein-tyrosine phosphatase family, Receptor class 4 subfamily
P23467	PTPRB	Receptor-type tyrosine-protein phosphatase beta (Protein-tyrosine phosphatase beta) (R-PTP-beta) (EC 3.1.3.48) (Vascular endothelial protein tyrosine phosphatase) (VE-PTP)	3.1.3.48	Protein-tyrosine phosphatase family, Receptor class 3 subfamily
P23468	PTPRD	Receptor-type tyrosine-protein phosphatase delta (Protein-tyrosine phosphatase delta) (R-PTP-delta) (EC 3.1.3.48)	3.1.3.48	Protein-tyrosine phosphatase family, Receptor class 2A subfamily
P23469	PTPRE	Receptor-type tyrosine-protein phosphatase epsilon (Protein-tyrosine phosphatase epsilon) (R-PTP-epsilon) (EC 3.1.3.48)	3.1.3.48	Protein-tyrosine phosphatase family, Receptor class 4 subfamily
P23470	PTPRG	Receptor-type tyrosine-protein phosphatase gamma (Protein-tyrosine phosphatase gamma) (R-PTP-gamma) (EC 3.1.3.48)	3.1.3.48	Protein-tyrosine phosphatase family, Receptor class 5 subfamily
P23471	PTPRZ1	Receptor-type tyrosine-protein phosphatase zeta (R-PTP-zeta) (EC 3.1.3.48) (Protein-tyrosine phosphatase receptor type Z polypeptide 1) (Protein-tyrosine phosphatase receptor type Z polypeptide 2) (R-PTP-zeta-2)	3.1.3.48	Protein-tyrosine phosphatase family, Receptor class 5 subfamily
P24666	ACP1	Low molecular weight phosphotyrosine protein phosphatase (LMW-PTP) (LMW-PTPase) (EC 3.1.3.48) (Adipocyte acid phosphatase) (Low molecular weight cytosolic acid phosphatase) (EC 3.1.3.2) (Red cell acid phosphatase 1)	3.1.3.2; 3.1.3.48	Low molecular weight phosphotyrosine protein phosphatase family
P26045	PTPN3	Tyrosine-protein phosphatase non-receptor type 3 (EC 3.1.3.48) (Protein-tyrosine phosphatase H1) (PTP-H1)	3.1.3.48	Protein-tyrosine phosphatase family, Non-receptor class subfamily
P28562	DUSP1	Dual specificity protein phosphatase 1 (EC 3.1.3.16) (EC 3.1.3.48) (Dual specificity protein phosphatase hVH1) (Mitogen-activated protein kinase phosphatase 1) (MAP kinase phosphatase 1) (MKP-1) (Protein-tyrosine phosphatase CL100)	3.1.3.16; 3.1.3.48	Protein-tyrosine phosphatase family, Non-receptor class dual specificity subfamily
P28827	PTPRM	Receptor-type tyrosine-protein phosphatase mu (Protein-tyrosine phosphatase mu) (R-PTP-mu) (EC 3.1.3.48)	3.1.3.48	Protein-tyrosine phosphatase family, Receptor class 2B subfamily
P29074	PTPN4	Tyrosine-protein phosphatase non-receptor type 4 (EC 3.1.3.48) (Protein-tyrosine phosphatase MEG1) (MEG) (PTPase-MEG1)	3.1.3.48	Protein-tyrosine phosphatase family, Non-receptor class subfamily
P29350	PTPN6	Tyrosine-protein phosphatase non-receptor type 6 (EC 3.1.3.48) (Hematopoietic cell protein-tyrosine phosphatase) (Protein-tyrosine phosphatase 1C) (PTP-1C) (Protein-tyrosine phosphatase SHP-1) (SH-PTP1)	3.1.3.48	Protein-tyrosine phosphatase family, Non-receptor class 2 subfamily
P30304	CDC25A	M-phase inducer phosphatase 1 (EC 3.1.3.48) (Dual specificity phosphatase Cdc25A)	3.1.3.48	MPI phosphatase family
P30305	CDC25B	M-phase inducer phosphatase 2 (EC 3.1.3.48) (Dual specificity phosphatase Cdc25B)	3.1.3.48	MPI phosphatase family
P30307	CDC25C	M-phase inducer phosphatase 3 (EC 3.1.3.48) (Dual specificity phosphatase Cdc25C)	3.1.3.48	MPI phosphatase family
P35236	PTPN7	Tyrosine-protein phosphatase non-receptor type 7 (EC 3.1.3.48) (Hematopoietic protein-tyrosine phosphatase) (HEPTP) (Protein-tyrosine phosphatase LC-PTP)	3.1.3.48	Protein-tyrosine phosphatase family, Non-receptor class subfamily
P35813	PPM1A	Protein phosphatase 1A (EC 3.1.3.16) (Protein phosphatase 2C isoform alpha) (PP2C-alpha) (Protein phosphatase IA)	3.1.3.16	PP2C family
P36873	PPP1CC	Serine/threonine-protein phosphatase PP1-gamma catalytic subunit (PP-1G) (EC 3.1.3.16) (Protein phosphatase 1C catalytic subunit)	3.1.3.16	PPP phosphatase family, PP-1 subfamily
P43378	PTPN9	Tyrosine-protein phosphatase non-receptor type 9 (EC 3.1.3.48) (Protein-tyrosine phosphatase MEG2) (PTPase MEG2)	3.1.3.48	Protein-tyrosine phosphatase family, Non-receptor class 3 subfamily
P48454	PPP3CC	Serine/threonine-protein phosphatase 2B catalytic subunit gamma isoform (EC 3.1.3.16) (CAM-PRP catalytic subunit) (Calcineurin, testis-specific catalytic subunit) (Calmodulin-dependent calcineurin A subunit gamma isoform)	3.1.3.16	PPP phosphatase family, PP-2B subfamily
P49593	PPM1F	Protein phosphatase 1F (EC 3.1.3.16) (Ca(2+)/calmodulin-dependent protein kinase phosphatase) (CaM-kinase phosphatase) (CaMKPase) (Partner of PIX 2) (Protein fem-2 homolog) (hFem-2)	3.1.3.16	PP2C family
P51452	DUSP3	Dual specificity protein phosphatase 3 (EC 3.1.3.16) (EC 3.1.3.48) (Dual specificity protein phosphatase VHR) (Vaccinia H1-related phosphatase) (VHR)	3.1.3.16; 3.1.3.48	Protein-tyrosine phosphatase family, Non-receptor class dual specificity subfamily
P53041	PPP5C	Serine/threonine-protein phosphatase 5 (PP5) (EC 3.1.3.16) (Protein phosphatase T) (PP-T) (PPT)	3.1.3.16	PPP phosphatase family, PP-5 (PP-T) subfamily
P54829	PTPN5	Tyrosine-protein phosphatase non-receptor type 5 (EC 3.1.3.48) (Neural-specific protein-tyrosine phosphatase) (Striatum-enriched protein-tyrosine phosphatase) (STEP)	3.1.3.48	Protein-tyrosine phosphatase family, Non-receptor class subfamily
P56180	TPTE	Putative tyrosine-protein phosphatase TPTE (EC 3.1.3.48) (Cancer/testis antigen 44) (CT44) (Transmembrane phosphatase with tensin homology) (Tumor antigen BJ-HCC-5)	3.1.3.48	
P60484	PTEN	Phosphatidylinositol 3,4,5-trisphosphate 3-phosphatase and dual-specificity protein phosphatase PTEN (EC 3.1.3.16) (EC 3.1.3.48) (EC 3.1.3.67) (Inositol polyphosphate 3-phosphatase) (EC 3.1.3.-) (Mutated in multiple advanced cancers 1) (Phosphatase and tensin homolog)	3.1.3.-; 3.1.3.16; 3.1.3.48; 3.1.3.67	PTEN phosphatase protein family
P60510	PPP4C	Serine/threonine-protein phosphatase 4 catalytic subunit (PP4C) (Pp4) (EC 3.1.3.16) (Protein phosphatase X) (PP-X)	3.1.3.16	PPP phosphatase family, PP-4 (PP-X) subfamily
P62136	PPP1CA	Serine/threonine-protein phosphatase PP1-alpha catalytic subunit (PP-1A) (EC 3.1.3.16)	3.1.3.16	PPP phosphatase family, PP-1 subfamily
P62140	PPP1CB	Serine/threonine-protein phosphatase PP1-beta catalytic subunit (PP-1B) (PPP1CD) (EC 3.1.3.16) (EC 3.1.3.53)	3.1.3.16; 3.1.3.53	PPP phosphatase family, PP-1 subfamily
P62714	PPP2CB	Serine/threonine-protein phosphatase 2A catalytic subunit beta isoform (PP2A-beta) (EC 3.1.3.16)	3.1.3.16	PPP phosphatase family, PP-1 subfamily
P67775	PPP2CA	Serine/threonine-protein phosphatase 2A catalytic subunit alpha isoform (PP2A-alpha) (EC 3.1.3.16) (Replication protein C) (RP-C)	3.1.3.16	PPP phosphatase family, PP-1 subfamily
Q05209	PTPN12	Tyrosine-protein phosphatase non-receptor type 12 (EC 3.1.3.48) (PTP-PEST) (Protein-tyrosine phosphatase G1) (PTPG1)	3.1.3.48	Protein-tyrosine phosphatase family, Non-receptor class 4 subfamily
Q05923	DUSP2	Dual specificity protein phosphatase 2 (EC 3.1.3.16) (EC 3.1.3.48) (Dual specificity protein phosphatase PAC-1)	3.1.3.16; 3.1.3.48	Protein-tyrosine phosphatase family, Non-receptor class dual specificity subfamily
Q05D32	CTDSPL2	CTD small phosphatase-like protein 2 (CTDSP-like 2) (EC 3.1.3.16) (Small C-terminal domain phosphatase 4) (SCP4) (Small CTD phosphatase 4)	3.1.3.16	CTDSPL2 family
Q06124	PTPN11	Tyrosine-protein phosphatase non-receptor type 11 (EC 3.1.3.48) (Protein-tyrosine phosphatase 1D) (PTP-1D) (Protein-tyrosine phosphatase 2C) (PTP-2C) (SH-PTP2) (SHP-2) (Shp2) (SH-PTP3)	3.1.3.48	Protein-tyrosine phosphatase family, Non-receptor class 2 subfamily
Q08209	PPP3CA	Protein phosphatase 3 catalytic subunit alpha (EC 3.1.3.16) (CAM-PRP catalytic subunit) (Calcineurin A alpha) (Calmodulin-dependent calcineurin A subunit alpha isoform) (CNA alpha) (Serine/threonine-protein phosphatase 2B catalytic subunit alpha isoform)	3.1.3.16	PPP phosphatase family, PP-2B subfamily
Q12913	PTPRJ	Receptor-type tyrosine-protein phosphatase eta (Protein-tyrosine phosphatase eta) (R-PTP-eta) (EC 3.1.3.48) (Density-enhanced phosphatase 1) (DEP-1) (HPTP eta) (Protein-tyrosine phosphatase receptor type J) (R-PTP-J) (CD antigen CD148)	3.1.3.48	Protein-tyrosine phosphatase family, Receptor class 3 subfamily
Q12923	PTPN13	Tyrosine-protein phosphatase non-receptor type 13 (EC 3.1.3.48) (Fas-associated protein-tyrosine phosphatase 1) (FAP-1) (PTP-BAS) (Protein-tyrosine phosphatase 1E) (PTP-E1) (hPTPE1) (Protein-tyrosine phosphatase PTPL1)	3.1.3.48	Protein-tyrosine phosphatase family, Non-receptor class subfamily
Q12974	PTP4A2	Protein tyrosine phosphatase type IVA 2 (EC 3.1.3.48) (HU-PP-1) (OV-1) (PTP(CAAXII)) (Protein-tyrosine phosphatase 4a2) (Protein-tyrosine phosphatase of regenerating liver 2) (PRL-2)	3.1.3.48	Protein-tyrosine phosphatase family
Q13115	DUSP4	Dual specificity protein phosphatase 4 (EC 3.1.3.16) (EC 3.1.3.48) (Dual specificity protein phosphatase hVH2) (Mitogen-activated protein kinase phosphatase 2) (MAP kinase phosphatase 2) (MKP-2)	3.1.3.16; 3.1.3.48	Protein-tyrosine phosphatase family, Non-receptor class dual specificity subfamily
Q13202	DUSP8	Dual specificity protein phosphatase 8 (EC 3.1.3.16) (EC 3.1.3.48) (Dual specificity protein phosphatase hVH-5)	3.1.3.16; 3.1.3.48	Protein-tyrosine phosphatase family, Non-receptor class dual specificity subfamily
Q13332	PTPRS	Receptor-type tyrosine-protein phosphatase S (R-PTP-S) (EC 3.1.3.48) (Receptor-type tyrosine-protein phosphatase sigma) (R-PTP-sigma)	3.1.3.48	Protein-tyrosine phosphatase family, Receptor class 2A subfamily
Q13496	MTM1	Myotubularin (EC 3.1.3.95) (Phosphatidylinositol-3,5-bisphosphate 3-phosphatase) (Phosphatidylinositol-3-phosphate phosphatase)	3.1.3.95	Protein-tyrosine phosphatase family, Non-receptor class myotubularin subfamily
Q15256	PTPRR	Receptor-type tyrosine-protein phosphatase R (R-PTP-R) (EC 3.1.3.48) (Ch-1PTPase) (NC-PTPCOM1) (Protein-tyrosine phosphatase PCPTP1)	3.1.3.48	Protein-tyrosine phosphatase family, Receptor class 7 subfamily
Q15262	PTPRK	Receptor-type tyrosine-protein phosphatase kappa (Protein-tyrosine phosphatase kappa) (R-PTP-kappa) (EC 3.1.3.48)	3.1.3.48	Protein-tyrosine phosphatase family, Receptor class 2B subfamily
Q15678	PTPN14	Tyrosine-protein phosphatase non-receptor type 14 (EC 3.1.3.48) (Protein-tyrosine phosphatase pez)	3.1.3.48	Protein-tyrosine phosphatase family, Non-receptor class subfamily
Q16667	CDKN3	Cyclin-dependent kinase inhibitor 3 (EC 3.1.3.16) (EC 3.1.3.48) (CDK2-associated dual-specificity phosphatase) (Cyclin-dependent kinase interactor 1) (Cyclin-dependent kinase-interacting protein 2) (Kinase-associated phosphatase)	3.1.3.16; 3.1.3.48	Protein-tyrosine phosphatase family
Q16690	DUSP5	Dual specificity protein phosphatase 5 (EC 3.1.3.16) (EC 3.1.3.48) (Dual specificity protein phosphatase hVH3)	3.1.3.16; 3.1.3.48	Protein-tyrosine phosphatase family, Non-receptor class dual specificity subfamily
Q16825	PTPN21	Tyrosine-protein phosphatase non-receptor type 21 (EC 3.1.3.48) (Protein-tyrosine phosphatase D1)	3.1.3.48	Protein-tyrosine phosphatase family, Non-receptor class subfamily
Q16827	PTPRO	Receptor-type tyrosine-protein phosphatase O (R-PTP-O) (EC 3.1.3.48) (Glomerular epithelial protein 1) (Protein tyrosine phosphatase U2) (PTP-U2) (PTPase U2)	3.1.3.48	Protein-tyrosine phosphatase family, Receptor class 3 subfamily
Q16828	DUSP6	Dual specificity protein phosphatase 6 (EC 3.1.3.16) (EC 3.1.3.48) (Dual specificity protein phosphatase PYST1) (Mitogen-activated protein kinase phosphatase 3) (MAP kinase phosphatase 3) (MKP-3)	3.1.3.16; 3.1.3.48	Protein-tyrosine phosphatase family, Non-receptor class dual specificity subfamily
Q16829	DUSP7	Dual specificity protein phosphatase 7 (EC 3.1.3.16) (EC 3.1.3.48) (Dual specificity protein phosphatase PYST2)	3.1.3.16; 3.1.3.48	Protein-tyrosine phosphatase family, Non-receptor class dual specificity subfamily
Q4G0W2	DUSP28	Dual specificity phosphatase 28 (EC 3.1.3.16) (EC 3.1.3.48)	3.1.3.16; 3.1.3.48	Protein-tyrosine phosphatase family, Non-receptor class dual specificity subfamily
Q4JDL3	PTPN20	Tyrosine-protein phosphatase non-receptor type 20 (hPTPN20) (EC 3.1.3.48)	3.1.3.48	Protein-tyrosine phosphatase family, Non-receptor class subfamily
Q5SGD2	PPM1L	Protein phosphatase 1L (EC 3.1.3.16) (Protein phosphatase 1-like) (Protein phosphatase 2C isoform epsilon) (PP2C-epsilon)	3.1.3.16	PP2C family
Q63HR2	TNS2	Tensin-2 (EC 3.1.3.48) (C1 domain-containing phosphatase and tensin homolog) (C1-TEN) (Tensin-like C1 domain-containing phosphatase)	3.1.3.48	PTEN phosphatase protein family
Q68CZ2	TNS3	Tensin-3 (EC 3.1.3.-) (Tensin-like SH2 domain-containing protein 1) (Tumor endothelial marker 6)	3.1.3.-	PTEN phosphatase protein family
Q68J44	DUSP29	Dual specificity phosphatase 29 (Dual specificity phosphatase 27) (Dual specificity phosphatase DUPD1) (EC 3.1.3.16, EC 3.1.3.48)	3.1.3.16; 3.1.3.48	Protein-tyrosine phosphatase family, Non-receptor class dual specificity subfamily
Q6B8I1	DUSP13A	Dual specificity protein phosphatase 13A (DUSP13A) (EC 3.1.3.16) (EC 3.1.3.48) (Branching-enzyme interacting DSP) (Muscle-restricted DSP) (MDSP)	3.1.3.16; 3.1.3.48	Protein-tyrosine phosphatase family, Non-receptor class dual specificity subfamily
Q6ZVD8	PHLPP2	PH domain leucine-rich repeat-containing protein phosphatase 2 (EC 3.1.3.16) (PH domain leucine-rich repeat-containing protein phosphatase-like) (PHLPP-like)	3.1.3.16	
Q76I76	SSH2	Protein phosphatase Slingshot homolog 2 (EC 3.1.3.16) (EC 3.1.3.48) (SSH-like protein 2) (SSH-2L) (hSSH-2L)	3.1.3.16; 3.1.3.48	Protein-tyrosine phosphatase family
Q8IXW5	RPAP2	Putative RNA polymerase II subunit B1 CTD phosphatase RPAP2 (EC 3.1.3.16) (RNA polymerase II-associated protein 2)	3.1.3.16	RPAP2 family
Q8N3J5	PPM1K	Protein phosphatase Mn(2+)-dependent 1K (EC 3.1.3.16) (Branched-chain alpha-ketoacid dehydrogenase phosphatase) (BCKDH) (BDP) (EC 3.1.3.52) (PP2C domain-containing protein phosphatase 1K) (PP2C-like mitochondrial protein) (PP2C-type mitochondrial phosphoprotein phosphatase) (PTMP) (Protein phosphatase 2C family member) (Protein phosphatase 2C isoform kappa) (PP2C-kappa) ([3-methyl-2-oxobutanoate dehydrogenase (2-methylpropanoyl-transferring)]-phosphatase, mitochondrial)	3.1.3.16; 3.1.3.52	PP2C family
Q8NEJ0	DUSP18	Dual specificity protein phosphatase 18 (EC 3.1.3.16) (EC 3.1.3.48) (Low molecular weight dual specificity phosphatase 20) (LMW-DSP20)	3.1.3.16; 3.1.3.48	Protein-tyrosine phosphatase family, Non-receptor class dual specificity subfamily
Q8NI37	PPTC7	Protein phosphatase PTC7 homolog (EC 3.1.3.16) (T-cell activation protein phosphatase 2C) (TA-PP2C) (T-cell activation protein phosphatase 2C-like)	3.1.3.16	PP2C family
Q8TE77	SSH3	Protein phosphatase Slingshot homolog 3 (EC 3.1.3.16) (EC 3.1.3.48) (SSH-like protein 3) (SSH-3L) (hSSH-3L)	3.1.3.16; 3.1.3.48	Protein-tyrosine phosphatase family
Q8TF42	UBASH3B	Ubiquitin-associated and SH3 domain-containing protein B (EC 3.1.3.48) (Cbl-interacting protein p70) (Suppressor of T-cell receptor signaling 1) (STS-1) (T-cell ubiquitin ligand 2) (TULA-2) (Tyrosine-protein phosphatase STS1/TULA2)	3.1.3.48	
Q8WTR2	DUSP19	Dual specificity protein phosphatase 19 (EC 3.1.3.16) (EC 3.1.3.48) (Dual specificity phosphatase TS-DSP1) (Low molecular weight dual specificity phosphatase 3) (LMW-DSP3) (Protein phosphatase SKRP1) (Stress-activated protein kinase pathway-regulating phosphatase 1) (SAPK pathway-regulating phosphatase 1)	3.1.3.16; 3.1.3.48	Protein-tyrosine phosphatase family, Non-receptor class dual specificity subfamily
Q8WUK0	PTPMT1	Phosphatidylglycerophosphatase and protein-tyrosine phosphatase 1 (EC 3.1.3.27) (PTEN-like phosphatase) (Phosphoinositide lipid phosphatase) (Protein-tyrosine phosphatase mitochondrial 1) (EC 3.1.3.16, EC 3.1.3.48)	3.1.3.16; 3.1.3.27; 3.1.3.48	Protein-tyrosine phosphatase family, Non-receptor class dual specificity subfamily
Q8WVY7	UBLCP1	Ubiquitin-like domain-containing CTD phosphatase 1 (EC 3.1.3.16) (Nuclear proteasome inhibitor UBLCP1)	3.1.3.16	
Q8WY54	PPM1E	Protein phosphatase 1E (EC 3.1.3.16) (Ca(2+)/calmodulin-dependent protein kinase phosphatase N) (CaMKP-N) (CaMKP-nucleus) (CaMKN) (Partner of PIX 1) (Partner of PIX-alpha) (Partner of PIXA)	3.1.3.16	PP2C family
Q8WYL5	SSH1	Protein phosphatase Slingshot homolog 1 (EC 3.1.3.16) (EC 3.1.3.48) (SSH-like protein 1) (SSH-1L) (hSSH-1L)	3.1.3.16; 3.1.3.48	Protein-tyrosine phosphatase family
Q92729	PTPRU	Receptor-type tyrosine-protein phosphatase U (R-PTP-U) (EC 3.1.3.48) (Pancreatic carcinoma phosphatase 2) (PCP-2) (Protein-tyrosine phosphatase J) (PTP-J) (hPTP-J) (Protein-tyrosine phosphatase pi) (PTP pi) (Protein-tyrosine phosphatase receptor omicron) (PTP-RO) (Receptor-type protein-tyrosine phosphatase psi) (R-PTP-psi)	3.1.3.48	Protein-tyrosine phosphatase family, Receptor class 2B subfamily
Q92932	PTPRN2	Receptor-type tyrosine-protein phosphatase N2 (R-PTP-N2) (EC 3.1.3.-) (EC 3.1.3.48) (Islet cell autoantigen-related protein) (IAR) (ICAAR) (Phogrin) [Cleaved into: IA-2beta60]	3.1.3.-; 3.1.3.48	Protein-tyrosine phosphatase family, Receptor class 8 subfamily
Q93096	PTP4A1	Protein tyrosine phosphatase type IVA 1 (EC 3.1.3.48) (PTP(CAAXI)) (Protein-tyrosine phosphatase 4a1) (Protein-tyrosine phosphatase of regenerating liver 1) (PRL-1)	3.1.3.48	Protein-tyrosine phosphatase family
Q99502	EYA1	Protein phosphatase EYA1 (EC 3.1.3.16) (EC 3.1.3.48) (Eyes absent homolog 1)	3.1.3.16; 3.1.3.48	HAD-like hydrolase superfamily, EYA family
Q99504	EYA3	Protein phosphatase EYA3 (EC 3.1.3.48) (Eyes absent homolog 3)	3.1.3.48	HAD-like hydrolase superfamily, EYA family
Q99952	PTPN18	Tyrosine-protein phosphatase non-receptor type 18 (EC 3.1.3.48) (Brain-derived phosphatase)	3.1.3.48	Protein-tyrosine phosphatase family, Non-receptor class 4 subfamily
Q99956	DUSP9	Dual specificity protein phosphatase 9 (EC 3.1.3.16) (EC 3.1.3.48) (Mitogen-activated protein kinase phosphatase 4) (MAP kinase phosphatase 4) (MKP-4)	3.1.3.16; 3.1.3.48	Protein-tyrosine phosphatase family, Non-receptor class dual specificity subfamily
Q9BV47	DUSP26	Dual specificity protein phosphatase 26 (EC 3.1.3.16) (EC 3.1.3.48) (Dual specificity phosphatase SKRP3) (Low-molecular-mass dual-specificity phosphatase 4) (DSP-4) (LDP-4) (Mitogen-activated protein kinase phosphatase 8) (MAP kinase phosphatase 8) (MKP-8) (Novel amplified gene in thyroid anaplastic cancer)	3.1.3.16; 3.1.3.48	Protein-tyrosine phosphatase family, Non-receptor class dual specificity subfamily
Q9BVJ7	DUSP23	Dual specificity protein phosphatase 23 (EC 3.1.3.16) (EC 3.1.3.48) (Low molecular mass dual specificity phosphatase 3) (LDP-3) (VH1-like phosphatase Z)	3.1.3.16; 3.1.3.48	Protein-tyrosine phosphatase family, Non-receptor class dual specificity subfamily
Q9BY84	DUSP16	Dual specificity protein phosphatase 16 (EC 3.1.3.16) (EC 3.1.3.48) (Mitogen-activated protein kinase phosphatase 7) (MAP kinase phosphatase 7) (MKP-7)	3.1.3.16; 3.1.3.48	Protein-tyrosine phosphatase family, Non-receptor class dual specificity subfamily
Q9GZU7	CTDSP1	Carboxy-terminal domain RNA polymerase II polypeptide A small phosphatase 1 (EC 3.1.3.16) (Nuclear LIM interactor-interacting factor 3) (NLI-IF) (NLI-interacting factor 3) (Small C-terminal domain phosphatase 1) (SCP1) (Small CTD phosphatase 1)	3.1.3.16	
Q9H0C8	ILKAP	Integrin-linked kinase-associated serine/threonine phosphatase 2C (ILKAP) (EC 3.1.3.16)	3.1.3.16	PP2C family
Q9H1R2	DUSP15	Dual specificity protein phosphatase 15 (EC 3.1.3.16) (EC 3.1.3.48) (VH1-related member Y) (Vaccinia virus VH1-related dual-specific protein phosphatase Y)	3.1.3.16; 3.1.3.48	Protein-tyrosine phosphatase family, Non-receptor class dual specificity subfamily
Q9H3S7	PTPN23	Tyrosine-protein phosphatase non-receptor type 23 (EC 3.1.3.48) (His domain-containing protein tyrosine phosphatase) (HD-PTP) (Protein tyrosine phosphatase TD14) (PTP-TD14)	3.1.3.48	Protein-tyrosine phosphatase family, Non-receptor class subfamily
Q9H596	DUSP21	Dual specificity protein phosphatase 21 (EC 3.1.3.16) (EC 3.1.3.48) (Low molecular weight dual specificity phosphatase 21) (LMW-DSP21)	3.1.3.16; 3.1.3.48	Protein-tyrosine phosphatase family, Non-receptor class dual specificity subfamily
Q9HBL0	TNS1	Tensin-1 (EC 3.1.3.-)	3.1.3.-	PTEN phosphatase protein family
Q9HD43	PTPRH	Receptor-type tyrosine-protein phosphatase H (R-PTP-H) (EC 3.1.3.48) (Stomach cancer-associated protein tyrosine phosphatase 1) (SAP-1) (Transmembrane-type protein-tyrosine phosphatase type H)	3.1.3.48	Protein-tyrosine phosphatase family, Receptor class 3 subfamily
Q9NP77	SSU72	RNA polymerase II subunit A C-terminal domain phosphatase SSU72 (CTD phosphatase SSU72) (EC 3.1.3.16)	3.1.3.16	SSU72 phosphatase family
Q9NRW4	DUSP22	Dual specificity protein phosphatase 22 (EC 3.1.3.16) (EC 3.1.3.48) (JNK pathway associated phosphatase) (JKAP) (JNK-stimulatory phosphatase-1) (JSP-1) (Low molecular weight dual specificity phosphatase 2) (LMW-DSP2) (Mitogen-activated protein kinase phosphatase x) (MAP kinase phosphatase x) (MKP-x)	3.1.3.16; 3.1.3.48	Protein-tyrosine phosphatase family, Non-receptor class dual specificity subfamily
Q9NRX4	PHPT1	14 kDa phosphohistidine phosphatase (EC 3.9.1.3) (Phosphohistidine phosphatase 1) (PHPT1) (Protein histidine phosphatase) (PHP) (Protein janus-A homolog)	3.9.1.3	Janus family
Q9P0J1	PDP1	[Pyruvate dehydrogenase [acetyl-transferring]]-phosphatase 1, mitochondrial (PDP 1) (EC 3.1.3.43) (Protein phosphatase 2C) (Pyruvate dehydrogenase phosphatase catalytic subunit 1) (PDPC 1)	3.1.3.43	PP2C family
Q9UII6	DUSP13B	Dual specificity protein phosphatase 13B (EC 3.1.3.16) (EC 3.1.3.48) (Dual specificity phosphatase SKRP4) (Testis- and skeletal-muscle-specific DSP)	3.1.3.16; 3.1.3.48	Protein-tyrosine phosphatase family, Non-receptor class dual specificity subfamily
Q9ULR3	PPM1H	Protein phosphatase 1H (EC 3.1.3.16)	3.1.3.16	PP2C family
Q9UMZ3	PTPRQ	Phosphatidylinositol phosphatase PTPRQ (EC 3.1.3.67) (EC 3.1.3.86) (EC 3.1.3.95) (Receptor-type tyrosine-protein phosphatase Q) (PTP-RQ) (R-PTP-Q)	3.1.3.67; 3.1.3.86; 3.1.3.95	Protein-tyrosine phosphatase family, Receptor class 2A subfamily
Q9UNH5	CDC14A	Dual specificity protein phosphatase CDC14A (EC 3.1.3.16) (EC 3.1.3.48) (CDC14 cell division cycle 14 homolog A)	3.1.3.16; 3.1.3.48	Protein-tyrosine phosphatase family, Non-receptor class CDC14 subfamily
Q9UNI6	DUSP12	Dual specificity protein phosphatase 12 (EC 3.1.3.16) (EC 3.1.3.48) (Dual specificity tyrosine phosphatase YVH1)	3.1.3.16; 3.1.3.48	Protein-tyrosine phosphatase family, Non-receptor class dual specificity subfamily
Q9Y2R2	PTPN22	Tyrosine-protein phosphatase non-receptor type 22 (EC 3.1.3.48) (Hematopoietic cell protein-tyrosine phosphatase 70Z-PEP) (Lymphoid phosphatase) (LyP) (PEST-domain phosphatase) (PEP)	3.1.3.48	Protein-tyrosine phosphatase family, Non-receptor class 4 subfamily
Q9Y5B0	CTDP1	RNA polymerase II subunit A C-terminal domain phosphatase (EC 3.1.3.16) (TFIIF-associating CTD phosphatase)	3.1.3.16	
Q9Y6W6	DUSP10	Dual specificity protein phosphatase 10 (EC 3.1.3.16) (EC 3.1.3.48) (Mitogen-activated protein kinase phosphatase 5) (MAP kinase phosphatase 5) (MKP-5)	3.1.3.16; 3.1.3.48	Protein-tyrosine phosphatase family, Non-receptor class dual specificity subfamily
A2A3K4	PTPDC1	Protein tyrosine phosphatase domain-containing protein 1 (EC 3.1.3.-)	3.1.3.-	Protein-tyrosine phosphatase family, Non-receptor class PTPDC1 subfamily
Q5JR12	PPM1J	Protein phosphatase 1J (EC 3.1.3.16) (Protein phosphatase 2C isoform zeta) (PP2C-zeta)	3.1.3.16	PP2C family
Q8N819	PPM1N	Probable protein phosphatase 1N (EC 3.1.3.16)	3.1.3.16	PP2C family
Q96MI6	PPM1M	Protein phosphatase 1M (EC 3.1.3.16) (Protein phosphatase 2C isoform eta) (PP2C-eta) (PP2CE)	3.1.3.16	PP2C family
Q9P2J9	PDP2	[Pyruvate dehydrogenase [acetyl-transferring]]-phosphatase 2, mitochondrial (PDP 2) (EC 3.1.3.43) (Pyruvate dehydrogenase phosphatase catalytic subunit 2) (PDPC 2)	3.1.3.43	PP2C family
A0A1W2PQD8	SSU72L2	RNA polymerase II subunit A C-terminal domain phosphatase SSU72 like protein 2 (RNA polymerase II subunit A C-terminal domain phosphatase SSU72L2) (CTD phosphatase SSU72L2) (EC 3.1.3.16)	3.1.3.16	SSU72 phosphatase family
Q86V88	MDP1	Magnesium-dependent phosphatase 1 (MDP-1) (EC 3.1.3.-) (EC 3.1.3.48)	3.1.3.-; 3.1.3.48	HAD-like hydrolase superfamily
A0A1W2PQ27	SSU72L1	RNA polymerase II subunit A C-terminal domain phosphatase SSU72 like protein 1 (RNA polymerase II subunit A C-terminal domain phosphatase SSU72L1) (CTD phosphatase SSU72L1) (EC 3.1.3.16)	3.1.3.16	SSU72 phosphatase family
A0A1W2PQ64	SSU72L5	RNA polymerase II subunit A C-terminal domain phosphatase SSU72 like protein 5 (RNA polymerase II subunit A C-terminal domain phosphatase SSU72L5) (CTD phosphatase SSU72L5) (EC 3.1.3.16)	3.1.3.16	SSU72 phosphatase family
A0A1W2PQC6	SSU72L4	RNA polymerase II subunit A C-terminal domain phosphatase SSU72 like protein 4 (RNA polymerase II subunit A C-terminal domain phosphatase SSU72L4) (CTD phosphatase SSU72L4) (EC 3.1.3.16)	3.1.3.16	SSU72 phosphatase family
A0A1W2PQJ5	SSU72L3	RNA polymerase II subunit A C-terminal domain phosphatase SSU72 like protein 3 (RNA polymerase II subunit A C-terminal domain phosphatase SSU72L3) (CTD phosphatase SSU72L3) (EC 3.1.3.16)	3.1.3.16	SSU72 phosphatase family
A0A1W2PR75	SSU72L6	RNA polymerase II subunit A C-terminal domain phosphatase SSU72 like protein 6 (RNA polymerase II subunit A C-terminal domain phosphatase SSU72L6) (CTD phosphatase SSU72L6) (EC 3.1.3.16)	3.1.3.16	SSU72 phosphatase family
